timestamp,action,input_text,result,user,input
2026-02-12 13:52:09.666193,generate_summary,студент получил 5 по вкр,студент получил 5 по вкр,,
2026-02-12 13:53:00.732925,generate_summary,В Московском университете имени С.Ю. Витте состоялась защита выпускных квалификационных работ. Студент направления «Искусственный интеллект и анализ данных» успешно представил проект по разработке интеллектуального агрегатора новостей. Комиссия высоко оценила практическую значимость работы и постави,Студент направления «Искусственный интеллект и анализ данных» успешно представил проект по разработке интеллектуального агрегатора новостей. Комиссия высоко оценила практическую значимость работы и поставила итоговую оценку «отлично»,,
2026-02-12 13:55:59.897499,recommend,Как получить 5 по ВКР,top5 returned,,
2026-02-13 09:14:31.264040,recommend,"вакцинация здоровье медицина профилактика заболевания
",top5 returned,,
2026-02-13 09:15:25.038526,recommend,"health vaccination medicine prevention disease

",top5 returned,,
2026-02-13 10:05:50.613979,recommend,"вакцинация здоровье медицина профилактика
",top5 returned,,
2026-02-13 10:08:13.862612,recommend,"экономика рынок инвестиции бизнес
",top5 returned,,
2026-02-13 10:08:36.697584,recommend,"энергетика экономика война
",top5 returned,,
2026-02-13 10:09:00.793497,recommend,"любовь мир музыка 
",top5 returned,,
2026-02-13 10:09:43.641666,recommend,"путешествие музыка 
",top5 returned,,
2026-02-13 10:09:55.328181,recommend,"путешествие по миру
",top5 returned,,
2026-02-13 10:16:23.486872,recommend,цветы спорт мир,top5,,
2026-02-13 10:17:20.882927,recommend,красота цветы спорт,top5,,
2026-02-13 10:17:44.426198,recommend,война Трамп СССР,top5,,
2026-02-13 10:59:05.179071,predict,,Россия,admin,"Президент России подписал указ о внесении изменений в законодательство о выборах. В документе уточняются требования к кандидатам и порядок проведения голосования.
"
2026-02-13 10:59:16.981865,predict,,Экономика,admin,"Центральный банк повысил ключевую ставку до 16 процентов годовых. Эксперты считают, что это повлияет на кредитование и курс национальной валюты.
"
2026-02-13 10:59:24.281884,predict,,Культура,admin,"В Москве состоялась премьера нового фильма известного режиссера. Картина получила высокие оценки критиков и зрителей.
"
2026-02-13 11:06:42.016284,summary,,"В рамках проекта планируется обновление медицинского оборудования и внедрение цифровых сервисов для пациентов. По словам представителей Минздрава, программа позволит повысить качество диагностики и со",admin,В России началась масштабная программа модернизации первичного звена здравоохранения. В рамках проекта планируется обновление медицинского оборудования и внедрение цифровых сервисов для пациентов. Осо
